train,gs://my-bucket/data/c828e894.jpg,AP_Supine
train,gs://my-bucket/data/kjr-21-e24-g001-l-a.jpg,AP
train,gs://my-bucket/data/0b1cb8905fd8839a001d7a707f0c3f_jumbo.jpg,L
train,gs://my-bucket/data/pneumocystis-carinii-pneumonia-1-L.jpg,L
train,gs://my-bucket/data/6CB4EFC6-68FA-4CD5-940C-BEFA8DAFE9A7.jpeg,PA
train,gs://my-bucket/data/000002-5.jpg,PA
train,gs://my-bucket/data/covid-19-pneumonia-progression-and-regression-day13.jpg,AP_Supine
train,gs://my-bucket/data/11547_2020_1203_Fig1_HTML-b.png,AP_Supine
train,gs://my-bucket/data/covid-19-pneumonia-44-day-8.jpeg,AP
train,gs://my-bucket/data/covid-19-pneumonia-41-day-2.jpg,AP
train,gs://my-bucket/data/ryct.2020200034.fig5-day4.jpeg,PA
train,gs://my-bucket/data/26b79d0d.jpg,AP_Supine
train,gs://my-bucket/data/887db78f.jpg,AP_Supine
train,gs://my-bucket/data/chlamydia-pneumonia-PA.png,PA
train,gs://my-bucket/data/thnov10p5641g006-c.png,PA
train,gs://my-bucket/data/covid-19-pneumonia-24-day12.jpg,AP_Supine
train,gs://my-bucket/data/000005.jpg,AP
train,gs://my-bucket/data/covid-19-rapidly-progressive-acute-respiratory-distress-syndrome-ards-day-2.jpg,PA
train,gs://my-bucket/data/1d435a4b.jpg,AP_Supine
train,gs://my-bucket/data/000001-1.png,PA
train,gs://my-bucket/data/bb25b35e1cc5cb0984ead37363db0e_jumbo-2.jpeg,PA
train,gs://my-bucket/data/1-s2.0-S2387020620301959-gr4_lrg-c.png,PA
train,gs://my-bucket/data/00870a9c.jpg,AP_Supine
train,gs://my-bucket/data/streptococcus-pneumoniae-pneumonia-temporal-evolution-1-day3.jpg,AP
train,gs://my-bucket/data/X-ray_of_cyst_in_pneumocystis_pneumonia_1.jpg,PA
train,gs://my-bucket/data/10.1016-slash-j.healun.2020.04.004.jpg,AP
train,gs://my-bucket/data/3248cc61.jpg,AP_Supine
train,gs://my-bucket/data/aspiration-pneumonia-5-day3.jpg,AP_Supine
train,gs://my-bucket/data/61bc50d1.jpg,AP_Supine
train,gs://my-bucket/data/1-s2.0-S1521661620303314-gr1_lrg-b.png,AP_Supine
train,gs://my-bucket/data/covid-19-caso-95-3-14.png,PA
train,gs://my-bucket/data/000012-3.jpg,PA
train,gs://my-bucket/data/c4a0e11a.jpg,AP_Supine
train,gs://my-bucket/data/lancet-case2b.jpg,PA
train,gs://my-bucket/data/covid-19-pneumonia-49-day8.jpg,AP_Supine
train,gs://my-bucket/data/21f0cfca1c3d5d11e9eb8f6c670f73_jumbo.jpg,AP_Supine
train,gs://my-bucket/data/7185bd4a8cc3280902117d034c7653_jumbo.jpg,PA
train,gs://my-bucket/data/d009d61f.jpg,PA
train,gs://my-bucket/data/67d668e570c242404ba82c7cbe2ca8f2-05be-0.jpg,AP_Supine
train,gs://my-bucket/data/radiol.2020201160.fig3c.jpeg,AP
train,gs://my-bucket/data/covid-19-pneumonia-rapidly-progressive-12-hours.jpg,PA
train,gs://my-bucket/data/1-s2.0-S1521661620303314-gr1_lrg-a.png,AP
train,gs://my-bucket/data/covid-19-pneumonia-progression-and-regression-day11.jpg,AP_Supine
train,gs://my-bucket/data/000013.jpg,L
train,gs://my-bucket/data/18017511.jpg,PA
train,gs://my-bucket/data/streptococcus-pneumoniae-pneumonia-1.jpg,AP_Supine
train,gs://my-bucket/data/d806f9a1.jpg,AP_Supine
train,gs://my-bucket/data/covid-19-pneumonia-mild.JPG,PA
train,gs://my-bucket/data/covid-19-pneumonia-58-day-10.jpg,AP
train,gs://my-bucket/data/000003-6.jpg,PA
train,gs://my-bucket/data/e1a4f870.jpg,AP_Supine
train,gs://my-bucket/data/f0a93ef2.jpg,AP_Supine
train,gs://my-bucket/data/000002.png,L
train,gs://my-bucket/data/covid-19-pneumonia-38-l.jpg,L
train,gs://my-bucket/data/nejmoa2001191_f5-PA.jpeg,PA
train,gs://my-bucket/data/2ecd360d.jpg,AP_Supine
train,gs://my-bucket/data/1-s2.0-S1684118220300608-main.pdf-001.jpg,PA
train,gs://my-bucket/data/1-s2.0-S0378603X1500248X-gr3a.jpg,PA
train,gs://my-bucket/data/covid-19-pneumonia-20-pa-on-admission.jpg,PA
train,gs://my-bucket/data/000003-1.jpg,PA
train,gs://my-bucket/data/1-s2.0-S2213716520301168-gr1_lrg-c.png,AP_Supine
train,gs://my-bucket/data/SARS-10.1148rg.242035193-g04mr34g05x-Fig5-day9.jpeg,PA
train,gs://my-bucket/data/aspiration-pneumonia-5-day10.jpg,AP_Supine
train,gs://my-bucket/data/BMJ-37-163-g1.jpg,PA
train,gs://my-bucket/data/16673_2_1.jpg,AP
train,gs://my-bucket/data/26e8db49.jpg,AP_Supine
train,gs://my-bucket/data/006f3a8a.jpg,PA
train,gs://my-bucket/data/000008-8.jpg,PA
train,gs://my-bucket/data/wong-0005.jpg,PA
train,gs://my-bucket/data/0cd9fcb6.jpg,AP_Supine
train,gs://my-bucket/data/covid-19-pneumonia-44-day-0.jpeg,PA
train,gs://my-bucket/data/1-s2.0-S1341321X20301124-gr3_lrg-b.png,AP_Supine
train,gs://my-bucket/data/6770dac454c45c86bc6c2d6193b177_jumbo.jpeg,AP
train,gs://my-bucket/data/073a8f93.jpg,AP_Supine
train,gs://my-bucket/data/000009-5.jpg,L
train,gs://my-bucket/data/16646_1_2.jpg,L
train,gs://my-bucket/data/54d57e77.jpg,AP_Supine
train,gs://my-bucket/data/1-s2.0-S2531043720300921-gr1.png,AP_Supine
train,gs://my-bucket/data/covid-19-caso-99-1-19.png,AP_Supine
train,gs://my-bucket/data/88de9d8c39e946abd495b37cd07d89e5-6531-0.jpg,PA
train,gs://my-bucket/data/000001-15.jpg,PA
train,gs://my-bucket/data/171CB377-62FF-4B76-906C-F3787A01CB2E.jpeg,AP_Supine
train,gs://my-bucket/data/270_2020_2470_Fig1_HTML-b.png,AP
train,gs://my-bucket/data/10.1016-slash-j.anl.2020.04.002-b.png,AP
train,gs://my-bucket/data/RX-torace-a-letto-del-paziente-in-unica-proiezione-AP-1-1.jpeg,AP_Supine
train,gs://my-bucket/data/000002-7.jpg,AP
train,gs://my-bucket/data/84da526d0453b9b9e7896631e6b366_jumbo.jpeg,AP
train,gs://my-bucket/data/kjr-21-e24-g003-l-a.jpg,AP
train,gs://my-bucket/data/1-s2.0-S0378603X1500248X-gr3d.jpg,AP_Supine
train,gs://my-bucket/data/f8335316.jpg,PA
train,gs://my-bucket/data/covid-19-pneumonia-49-day4.jpg,AP
train,gs://my-bucket/data/aa9655de.jpg,AP_Supine
train,gs://my-bucket/data/41379_2020_536_Fig2_HTML-c2.png,AP
train,gs://my-bucket/data/23823ebc.jpg,PA
train,gs://my-bucket/data/49eca411aa2d4ccd73df21a209a551_jumbo.jpeg,L
train,gs://my-bucket/data/1-s2.0-S0889159120306851-gr2b_lrg.jpg,AP_Supine
train,gs://my-bucket/data/22ebbc464e16ea1217228e3c9f4935_jumbo.jpeg,AP
train,gs://my-bucket/data/7afaaccc.jpg,PA
train,gs://my-bucket/data/d2c8a74b37d8d1581ea2a8fe865ef3_jumbo-10.jpeg,AP_Supine
train,gs://my-bucket/data/gr2_lrg-a.png,AP
train,gs://my-bucket/data/000001-3.png,AP_Supine
train,gs://my-bucket/data/000004-1.jpg,L
train,gs://my-bucket/data/cavitating-pneumonia-4-day28-L.png,L
train,gs://my-bucket/data/nejmc2001573_f1b.jpeg,PA
train,gs://my-bucket/data/1-s2.0-S2213716520301168-gr1_lrg-a.png,AP
train,gs://my-bucket/data/4fed5061.jpg,AP_Supine
train,gs://my-bucket/data/1-s2.0-S0929664620300449-gr2_lrg-c.jpg,AP
train,gs://my-bucket/data/covid-19-pneumonia-23-day9.jpg,AP
train,gs://my-bucket/data/ff33c406392b968d483174c97eb857_jumbo-9.jpeg,AP
train,gs://my-bucket/data/02b973e10caa192fd4e6825ad4aeaf_jumbo-10.jpeg,AP
train,gs://my-bucket/data/article_river_e4d185c06e3511eaa2321d8ab357a1de-c1mn.png,PA
train,gs://my-bucket/data/covid-19-pneumonia-progression-and-regression-day1.jpg,AP
train,gs://my-bucket/data/covid-19-pneumonia-evolution-over-a-week-1-day3.jpg,AP_Supine
train,gs://my-bucket/data/1-s2.0-S2214250920300706-gr2_lrg.jpg,AP
train,gs://my-bucket/data/2cd63b76.jpg,PA
train,gs://my-bucket/data/1-s2.0-S0085253820303616-gr1_lrg-b.png,AP
train,gs://my-bucket/data/000006-2.png,PA
train,gs://my-bucket/data/tpmd200203f2-a.png,AP_Supine
train,gs://my-bucket/data/ca21ce8053252fb93cbbe0f7729ce3_jumbo.jpg,L
train,gs://my-bucket/data/000001-4.jpg,AP
train,gs://my-bucket/data/16865_1_1.jpg,PA
train,gs://my-bucket/data/7b68340a.jpg,AP_Supine
train,gs://my-bucket/data/7C69C012-7479-493F-8722-ABC29C60A2DD.jpeg,PA
train,gs://my-bucket/data/F63AB6CE-1968-4154-A70F-913AF154F53D.jpeg,AP
train,gs://my-bucket/data/5f8aaa4e85af075412849ebf8ebb54_jumbo-1.jpg,PA
train,gs://my-bucket/data/2d8a60a26381b256a5a6373708950e_jumbo.jpeg,AP
train,gs://my-bucket/data/16706_1_1.png,AP
train,gs://my-bucket/data/gr2_lrg-c.png,AP
train,gs://my-bucket/data/16663_1_1.jpg,PA
train,gs://my-bucket/data/bc370d0566b31259c2d9544748eb21_jumbo.jpeg,PA
train,gs://my-bucket/data/16672_1_1.jpg,PA
train,gs://my-bucket/data/701_2020_4374_Fig2_HTML.png,AP_Supine
train,gs://my-bucket/data/16664_2_1.jpg,L
train,gs://my-bucket/data/3dedeb92.jpg,AP_Supine
train,gs://my-bucket/data/1-s2.0-S1931312820301852-gr1_lrg-a.png,AP
train,gs://my-bucket/data/11547_2020_1203_Fig2_HTML-d.png,AP_Supine
train,gs://my-bucket/data/E63574A7-4188-4C8D-8D17-9D67A18A1AFA.jpeg,PA
train,gs://my-bucket/data/262a70ca.jpg,AP_Supine
train,gs://my-bucket/data/CD50BA96-6982-4C80-AE7B-5F67ACDBFA56.jpeg,PA
train,gs://my-bucket/data/d84789f9ece74ea65e7ec2c4faaaf3_jumbo.jpeg,AP_Supine
train,gs://my-bucket/data/chlamydia-pneumonia-L.png,L
train,gs://my-bucket/data/16660_4_1.jpg,PA
train,gs://my-bucket/data/76093afc.jpg,AP_Supine
train,gs://my-bucket/data/case_71_figura1.png,AP_Supine
train,gs://my-bucket/data/auntminnie-b-2020_01_28_23_51_6665_2020_01_28_Vietnam_coronavirus.jpeg,PA
train,gs://my-bucket/data/000010-5.jpg,PA
train,gs://my-bucket/data/16674_1_1.jpg,AP
train,gs://my-bucket/data/d815245ec98b5f0efc73b89daef72c_jumbo.jpg,PA
train,gs://my-bucket/data/legionella-pneumonia-1.png,PA
train,gs://my-bucket/data/covid-19-pneumonia-progression-and-regression-day6.jpg,AP
train,gs://my-bucket/data/90070cbc.jpg,AP_Supine
train,gs://my-bucket/data/right-upper-lobe-pneumonia-9-L.jpg,L
train,gs://my-bucket/data/b85b6449f7c3bfc841a973cca0ada7_jumbo.jpg,AP_Supine
train,gs://my-bucket/data/16745_7_1.png,AP
train,gs://my-bucket/data/19abe1f3.jpg,PA
train,gs://my-bucket/data/defc5c87e473bdaf4f57e4c4c22e3b_jumbo.jpeg,L
train,gs://my-bucket/data/242a639e.jpg,AP_Supine
train,gs://my-bucket/data/covid-19-pneumonia-23-day1.jpg,AP_Supine
train,gs://my-bucket/data/nejmoa2001017_f1-a.png,AP_Supine
train,gs://my-bucket/data/covid-19-caso-91-1-12.png,PA
train,gs://my-bucket/data/000001-13.jpg,PA
train,gs://my-bucket/data/000002-16.jpg,L
train,gs://my-bucket/data/68_2020_1364_Fig1_HTML-a.png,AP
train,gs://my-bucket/data/8fc103ca.jpg,PA
train,gs://my-bucket/data/75fb7cd80d5ca4074c474f93471ad4_jumbo.jpeg,PA
train,gs://my-bucket/data/covid-19-pneumonia-7-PA.jpg,PA
train,gs://my-bucket/data/radiol.2020201160.fig3b.jpeg,AP
train,gs://my-bucket/data/16708_4_1.jpg,PA
train,gs://my-bucket/data/16660_3_1.jpg,PA
train,gs://my-bucket/data/b9673e89.jpg,PA
train,gs://my-bucket/data/1-s2.0-S0929664620300449-gr2_lrg-b.jpg,AP
train,gs://my-bucket/data/covid-19-pneumonia-58-day-7.jpg,AP
train,gs://my-bucket/data/wong-0002.jpg,PA
train,gs://my-bucket/data/SARS-10.1148rg.242035193-g04mr34g09b-Fig9b-day19.jpeg,AP
train,gs://my-bucket/data/000001-18.jpg,PA
train,gs://my-bucket/data/9fdd3c3032296fd04d2cad5d9070d4_jumbo.jpeg,PA
train,gs://my-bucket/data/bfefde5d.jpg,AP_Supine
train,gs://my-bucket/data/a24181c437aca166f7aeccc62ba28a_jumbo.jpg,PA
train,gs://my-bucket/data/acute-respiratory-distress-syndrome-ards-1.jpg,AP_Supine
train,gs://my-bucket/data/92d755fba55c3305419b5cac83fbf5_jumbo.jpg,PA
train,gs://my-bucket/data/000002-19-a.jpg,PA
train,gs://my-bucket/data/000001-266.jpg,PA
train,gs://my-bucket/data/03BF7561-A9BA-4C3C-B8A0-D3E585F73F3C.jpeg,PA
train,gs://my-bucket/data/40f67745.jpg,AP_Supine
train,gs://my-bucket/data/klebsiella-pneumonia-1.jpg,PA
train,gs://my-bucket/data/extubation-13.jpg,PA
train,gs://my-bucket/data/10.1016-slash-j.cardfail.2020.04.007-b.png,AP
train,gs://my-bucket/data/covid-19-pneumonia-35-2.jpg,PA
train,gs://my-bucket/data/SARS-10.1148rg.242035193-g04mr34g0-Fig8b-day5.jpeg,AP
train,gs://my-bucket/data/1-s2.0-S1931312820301852-gr1_lrg-b.png,AP
train,gs://my-bucket/data/F2DE909F-E19C-4900-92F5-8F435B031AC6.jpeg,AP_Supine
train,gs://my-bucket/data/3a81faf3.jpg,PA
train,gs://my-bucket/data/11547_2020_1203_Fig2_HTML-c.png,AP_Supine
train,gs://my-bucket/data/000003-4.jpg,AP
train,gs://my-bucket/data/1-s2.0-S0735675720302746-gr1_lrg.jpg,AP_Supine
train,gs://my-bucket/data/1052b0fe.jpg,PA
train,gs://my-bucket/data/1-s2.0-S1341321X20301124-gr3_lrg-e.png,AP_Supine
train,gs://my-bucket/data/48c4542c.jpg,PA
train,gs://my-bucket/data/auntminnie-c-2020_01_28_23_51_6665_2020_01_28_Vietnam_coronavirus.jpeg,PA
train,gs://my-bucket/data/bdc40f9ad2395d88c92479089f5d1b_jumbo-10.jpeg,AP
train,gs://my-bucket/data/extubation-1.jpg,PA
train,gs://my-bucket/data/527321ee.jpg,AP_Supine
train,gs://my-bucket/data/fff49165-b22d-4bb4-b9d1-d5d62c52436c.annot.original.png,PA
train,gs://my-bucket/data/000001-14.jpg,AP_Supine
train,gs://my-bucket/data/959dea122c905d6581f71b4a000bbb_jumbo-2.jpeg,L
train,gs://my-bucket/data/58cb9263f16e94305c730685358e4e_jumbo.jpeg,PA
train,gs://my-bucket/data/8781ac6b9589f3646d2bbfff8f9015_jumbo.jpeg,AP
train,gs://my-bucket/data/5f001e0b.jpg,AP_Supine
train,gs://my-bucket/data/5ed7d0109672bdd3d58a7db7841f6a_jumbo.jpeg,AP_Supine
train,gs://my-bucket/data/ajr.20.23034.pdf-003.png,AP_Supine
train,gs://my-bucket/data/11547_2020_1203_Fig2_HTML-b.png,AP_Supine
train,gs://my-bucket/data/183af0d0.jpg,AP_Supine
train,gs://my-bucket/data/c873402e.jpg,AP_Supine
train,gs://my-bucket/data/case_72_RX-TORACE1.jpg,AP_Supine
train,gs://my-bucket/data/10.1016-slash-j.hrcr.2020.04.015-b.png,AP_Supine
train,gs://my-bucket/data/covid-19-pneumonia-58-day-9.jpg,AP
train,gs://my-bucket/data/15d081345df9ca620ebe5e76023775_jumbo-10.jpeg,AP
train,gs://my-bucket/data/1312A392-67A3-4EBF-9319-810CF6DA5EF6.jpeg,PA
train,gs://my-bucket/data/covid-19-pneumonia-12.jpg,AP
train,gs://my-bucket/data/21982772.jpg,AP_Supine
train,gs://my-bucket/data/post-intubuation-pneumomediastium-and-pneumothorax-background-covid-19-pneumonia-day1.jpg,AP
train,gs://my-bucket/data/paving.jpg,PA
train,gs://my-bucket/data/a361d7b7.jpg,PA
train,gs://my-bucket/data/7EF28E12-F628-4BEC-A8C5-E6277C2E4F60.png,AP_Supine
train,gs://my-bucket/data/radiol.2020200490.fig3.jpeg,PA
train,gs://my-bucket/data/ryct.2020003.fig2-c.png,PA
train,gs://my-bucket/data/covid-19-pneumonia-14-L.png,L
train,gs://my-bucket/data/296_2020_4584_Fig2_HTML-c.png,AP
train,gs://my-bucket/data/nejmoa2004500_f1-a.png,AP_Supine
train,gs://my-bucket/data/3309d07c.jpg,AP_Supine
train,gs://my-bucket/data/e9cc806fc1c90195d999dc8d022d28_jumbo-2.jpeg,PA
train,gs://my-bucket/data/a7e0a141.jpg,AP_Supine
train,gs://my-bucket/data/b343e657.jpg,AP_Supine
train,gs://my-bucket/data/85E52EB3-56E9-4D67-82DA-DEA247C82886.jpeg,AP_Supine
train,gs://my-bucket/data/2C10A413-AABE-4807-8CCE-6A2025594067.jpeg,AP
train,gs://my-bucket/data/27a70642.jpg,AP_Supine
train,gs://my-bucket/data/3b66f98f30636b2e1fb42c1d0f18a8_jumbo.jpeg,AP
train,gs://my-bucket/data/ards-secondary-to-tiger-snake-bite.png,AP_Supine
train,gs://my-bucket/data/3eaf15de91d4ff55e6fb0e04cadb81_jumbo.jpeg,AP_Supine
train,gs://my-bucket/data/a459fb990719792f31ae2ece5665e6_jumbo.jpg,L
train,gs://my-bucket/data/616f829f195d0cd856616586c7c35e_jumbo.jpeg,AP
train,gs://my-bucket/data/353889E0-A1E8-4F9E-A0B8-F24F36BCFBFB.jpeg,PA
train,gs://my-bucket/data/ansu-publish-ahead-of-print-10.1097.sla.0000000000003955-g001-a.png,AP_Supine
train,gs://my-bucket/data/e104f46d.jpg,AP_Supine
train,gs://my-bucket/data/jkms-35-e79-g001-l-a.jpg,AP
train,gs://my-bucket/data/d7f2ee0f.jpg,AP_Supine
train,gs://my-bucket/data/ec3a480c0926ded74429df416cfb05_jumbo.jpeg,AP_Supine
train,gs://my-bucket/data/436a6348.jpg,AP_Supine
train,gs://my-bucket/data/41591_2020_819_Fig1_HTML.webp-day10.png,PA
train,gs://my-bucket/data/SARS-10.1148rg.242035193-g04mr34g04a-Fig4a-day7.jpeg,PA
train,gs://my-bucket/data/covid-19-pneumonia-rapidly-progressive-admission.jpg,PA
train,gs://my-bucket/data/000001-7.jpg,PA
train,gs://my-bucket/data/000008.png,L
train,gs://my-bucket/data/figure1-5e71be566aa8714a04de3386-98-left.jpeg,PA
train,gs://my-bucket/data/045ffedbd437009cab794d412571b2_jumbo.jpg,L
train,gs://my-bucket/data/covid-19-pneumonia-20-l-on-admission.jpg,L
train,gs://my-bucket/data/81af553601a1bc1fdf81c99436a50b_jumbo.jpeg,AP
train,gs://my-bucket/data/ryct.2020003.fig2-b.png,PA
train,gs://my-bucket/data/16583_3_1.jpg,PA
train,gs://my-bucket/data/covid-19-pneumonia-20.jpg,PA
train,gs://my-bucket/data/1-s2.0-S1059131120301151-gr2-f.png,AP
train,gs://my-bucket/data/covid-19-pneumonia-bilateral.jpg,AP
train,gs://my-bucket/data/2fc8a7c61c76f13ee7f9306b44e792_jumbo.jpg,PA
train,gs://my-bucket/data/1-s2.0-S0378603X1500248X-gr4a.jpg,AP
train,gs://my-bucket/data/1-s2.0-S0196070920301691-gr3_lrg.jpg,AP_Supine
train,gs://my-bucket/data/000011-6.jpg,PA
train,gs://my-bucket/data/000001-3.jpg,PA
train,gs://my-bucket/data/16660_2_1.jpg,PA
train,gs://my-bucket/data/SARS-10.1148rg.242035193-g04mr34g09a-Fig9a-day17.jpeg,AP
train,gs://my-bucket/data/000017-1.jpg,L
train,gs://my-bucket/data/1-s2.0-S2387020620301959-gr4_lrg-a.png,AP
train,gs://my-bucket/data/1d40779e.jpg,AP_Supine
train,gs://my-bucket/data/a8ac1969.jpg,PA
train,gs://my-bucket/data/covid-19-pneumonia-22-day1-pa.png,PA
train,gs://my-bucket/data/covid-19-pneumonia-progression-and-regression-day20.jpg,AP
train,gs://my-bucket/data/pneumocystis-jirovecii-pneumonia-3-3.jpg,PA
train,gs://my-bucket/data/1.CXRCTThoraximagesofCOVID-19fromSingapore.pdf-002-fig3a.png,PA
train,gs://my-bucket/data/587e7c1a.jpg,AP_Supine
train,gs://my-bucket/data/1-s2.0-S0085253820303616-gr1_lrg-a.png,AP
train,gs://my-bucket/data/83cfee622ebe92fd5c14ce5b4da35e_jumbo.jpeg,L
train,gs://my-bucket/data/34d999a9.jpg,AP_Supine
train,gs://my-bucket/data/01E392EE-69F9-4E33-BFCE-E5C968654078.jpeg,PA
train,gs://my-bucket/data/a72aeb349a63c79ed24e473c434efe_jumbo.jpg,PA
train,gs://my-bucket/data/covid-19-pneumonia-evolution-over-a-week-1-day6.jpg,AP_Supine
train,gs://my-bucket/data/d680397c.jpg,AP_Supine
train,gs://my-bucket/data/0957ce54.jpg,PA
train,gs://my-bucket/data/e0e3a6526a3fecadfca2be13242798_jumbo.jpg,L
train,gs://my-bucket/data/5b324cc7.jpg,AP_Supine
train,gs://my-bucket/data/nCoV-radiol.2020200269.fig1-day7.jpeg,PA
train,gs://my-bucket/data/covid-19-caso-82-1-8.png,PA
train,gs://my-bucket/data/40f355ec.jpg,AP_Supine
train,gs://my-bucket/data/covid-19-pneumonia-41-day-0.jpg,AP
train,gs://my-bucket/data/covid-19-pneumonia-22-day1-l.png,L
train,gs://my-bucket/data/1-s2.0-S1341321X20301124-gr3_lrg-d.png,AP_Supine
train,gs://my-bucket/data/jkms-35-e79-g001-l-b.jpg,AP
train,gs://my-bucket/data/93FE0BB1-022D-4F24-9727-987A07975FFB.jpeg,PA
train,gs://my-bucket/data/covid-19-pneumonia-rapidly-progressive-3-days.jpg,PA
train,gs://my-bucket/data/10.1016-slash-j.chest.2020.04.024.png,AP_Supine
train,gs://my-bucket/data/82cb30b7678c6da229c6dc222c39c9_jumbo.jpeg,PA
train,gs://my-bucket/data/gr1_lrg-b.jpg,PA
train,gs://my-bucket/data/000002.jpg,L
train,gs://my-bucket/data/82a78c13.jpg,PA
train,gs://my-bucket/data/all14238-fig-0001-m-b.jpg,PA
train,gs://my-bucket/data/3964b961.jpg,AP_Supine
train,gs://my-bucket/data/071d06607edf81d70c940e043bce34_jumbo.jpeg,AP
train,gs://my-bucket/data/d2cdf41a662113279d2ec21af3a4e2_jumbo.jpg,L
train,gs://my-bucket/data/16883_1_1.png,AP
train,gs://my-bucket/data/post-intubuation-pneumomediastium-and-pneumothorax-background-covid-19-pneumonia-day6-1.jpg,AP
train,gs://my-bucket/data/f6d980a0.jpg,PA
train,gs://my-bucket/data/covid-19-infection-exclusive-gastrointestinal-symptoms-l.png,L
train,gs://my-bucket/data/covid-19-pneumonia-8.jpg,PA
train,gs://my-bucket/data/1.CXRCTThoraximagesofCOVID-19fromSingapore.pdf-002-fig3b.png,PA
train,gs://my-bucket/data/000001-1.jpg,PA
train,gs://my-bucket/data/3c48faa5dc2f1540fda696bae045ba_jumbo.jpeg,AP
train,gs://my-bucket/data/000002-29.jpg,L
train,gs://my-bucket/data/000001-272.jpg,AP
train,gs://my-bucket/data/000006.jpg,L
train,gs://my-bucket/data/a1a7d22e66f6570df523e0077c6a5a_jumbo.jpeg,L
train,gs://my-bucket/data/3b46de94.jpg,PA
train,gs://my-bucket/data/11547_2020_1203_Fig1_HTML-a.png,AP_Supine
train,gs://my-bucket/data/11547_2020_1202_Fig1_HTML-a.png,AP
train,gs://my-bucket/data/689836b5.jpg,AP_Supine
train,gs://my-bucket/data/8FDE8DBA-CFBD-4B4C-B1A4-6F36A93B7E87.jpeg,PA
train,gs://my-bucket/data/24035bda.jpg,AP_Supine
train,gs://my-bucket/data/b37c225f.jpg,AP_Supine
train,gs://my-bucket/data/16663_1_2.jpg,L
train,gs://my-bucket/data/covid-19-rapidly-progressive-acute-respiratory-distress-syndrome-ards-day-1.jpg,PA
train,gs://my-bucket/data/2168a917.jpg,PA
train,gs://my-bucket/data/000001-12.jpg,PA
train,gs://my-bucket/data/a1fec23b293dfe7876660cb7acce43_jumbo.jpeg,AP_Supine
train,gs://my-bucket/data/88859dc1.jpg,PA
train,gs://my-bucket/data/9a4e0141fd7681c4026b55b4e13914_jumbo-2.jpeg,AP
train,gs://my-bucket/data/ciaa199.pdf-001-b.png,PA
train,gs://my-bucket/data/b0500187.jpg,AP_Supine
train,gs://my-bucket/data/e6eaadf0.jpg,AP_Supine
train,gs://my-bucket/data/radiol.2020201160.fig3a.jpeg,AP
train,gs://my-bucket/data/53c9be49.jpg,AP_Supine
train,gs://my-bucket/data/000003-5.jpg,AP
train,gs://my-bucket/data/000002-4.jpg,AP_Supine
train,gs://my-bucket/data/35b446ce.jpg,AP_Supine
train,gs://my-bucket/data/1d6c4b7c.jpg,PA
train,gs://my-bucket/data/da9e9aac-de8c-44c7-ba57-e7cc8e4caaba.annot.original.jpeg,AP
train,gs://my-bucket/data/ba040c5e.jpg,AP_Supine
train,gs://my-bucket/data/10.1016-slash-j.crad.2020.04.002-b.png,PA
train,gs://my-bucket/data/16755_1_1.jpg,AP
train,gs://my-bucket/data/90c1e3ef.jpg,AP_Supine
train,gs://my-bucket/data/SARS-10.1148rg.242035193-g04mr34g07a-Fig7a-day5.jpeg,AP
train,gs://my-bucket/data/covid-19-pneumonia-34.png,AP
train,gs://my-bucket/data/08d780ae.jpg,AP_Supine
train,gs://my-bucket/data/ARDSSevere.png,PA
train,gs://my-bucket/data/000005-5-b.jpg,L
train,gs://my-bucket/data/10.1016-slash-j.hrcr.2020.04.015-fig3-a.png,AP
train,gs://my-bucket/data/000004.png,PA
train,gs://my-bucket/data/1-s2.0-S1684118220300682-main.pdf-002-a1.png,PA
train,gs://my-bucket/data/extubation-8.jpg,PA
train,gs://my-bucket/data/4b907d01.jpg,AP_Supine
train,gs://my-bucket/data/4e43e48d52c9e2d4c6c1fb9bc1544f_jumbo.jpeg,PA
train,gs://my-bucket/data/extubation-4.jpg,PA
train,gs://my-bucket/data/acute-respiratory-distress-syndrome-ards.jpg,AP
train,gs://my-bucket/data/7E335538-2F86-424E-A0AB-6397783A38D0.jpeg,AP
train,gs://my-bucket/data/441c9cdd.jpg,PA
train,gs://my-bucket/data/6f36c4ad54047bc52b38fd8c9d1e22_jumbo.jpg,PA
train,gs://my-bucket/data/nejmoa2001191_f1-PA.jpeg,PA
train,gs://my-bucket/data/11547_2020_1202_Fig1_HTML-b.png,AP_Supine
train,gs://my-bucket/data/covid-19-pneumonia-40.jpg,AP_Supine
train,gs://my-bucket/data/ba45a47c3ef5060ec39891046be7ca_jumbo.jpg,PA
train,gs://my-bucket/data/65a95c1d86c9a79e3bf88d654c517c_jumbo.jpg,L
train,gs://my-bucket/data/ec083e35.jpg,PA
train,gs://my-bucket/data/000001-9-a.jpg,PA
train,gs://my-bucket/data/covid-19-caso-70-1-PA.jpg,PA
train,gs://my-bucket/data/2edb88df42cab5e5fbc18b3965e0bd_jumbo.jpeg,PA
train,gs://my-bucket/data/1.CXRCTThoraximagesofCOVID-19fromSingapore.pdf-003-fig4b.png,PA
train,gs://my-bucket/data/a2eba651.jpg,PA
train,gs://my-bucket/data/08ed451c576ee00935ee178ec85c57_jumbo-1.jpeg,AP
train,gs://my-bucket/data/1-s2.0-S2214250920300706-gr1_lrg.jpg,AP_Supine
train,gs://my-bucket/data/covid-19-pneumonia-evolution-over-a-week-1-day0-PA.jpg,PA
train,gs://my-bucket/data/5782ae15.jpg,PA
train,gs://my-bucket/data/covid-19-caso-95-1-15.png,PA
train,gs://my-bucket/data/B2D20576-00B7-4519-A415-72DE29C90C34.jpeg,AP_Supine
train,gs://my-bucket/data/radiol.2020201160.fig6b.jpeg,AP
train,gs://my-bucket/data/pneumocystis-pneumonia-8.jpg,PA
train,gs://my-bucket/data/pneumocystis-jirovecii-pneumonia-2.jpg,PA
train,gs://my-bucket/data/case_76_1-3.png,AP_Supine
train,gs://my-bucket/data/covid-19-pneumonia-93.png,PA
train,gs://my-bucket/data/000002-3.jpg,AP
train,gs://my-bucket/data/072ecaf8c60a81980abb57150a8016_jumbo-9.jpeg,AP
train,gs://my-bucket/data/19a01707.jpg,AP_Supine
train,gs://my-bucket/data/covid-19-caso-70-1-L.jpg,L
train,gs://my-bucket/data/621f53af15cf08e6e13cb6812eead9_jumbo.jpg,PA
train,gs://my-bucket/data/68_2020_1364_Fig1_HTML-c.png,AP
train,gs://my-bucket/data/all14238-fig-0002-m-f.jpg,AP_Supine
train,gs://my-bucket/data/341e2287.jpg,AP_Supine
train,gs://my-bucket/data/aqaa062i0002-a.png,AP
train,gs://my-bucket/data/covid-19-caso-111-1-21.png,AP_Supine
train,gs://my-bucket/data/1B734A89-A1BF-49A8-A1D3-66FAFA4FAC5D.jpeg,PA
train,gs://my-bucket/data/80446565-E090-4187-A031-9D3CEAA586C8.jpeg,PA
train,gs://my-bucket/data/1-s2.0-S0929664620300449-gr2_lrg-a.jpg,AP
train,gs://my-bucket/data/pneumocystis-jiroveci-pneumonia-4-PA.png,PA
train,gs://my-bucket/data/16892_2_1.png,AP
train,gs://my-bucket/data/auntminnie-a-2020_01_28_23_51_6665_2020_01_28_Vietnam_coronavirus.jpeg,PA
train,gs://my-bucket/data/covid-19-pneumonia-7-L.jpg,L
train,gs://my-bucket/data/pneumocystis-pneumonia-1.jpg,PA
train,gs://my-bucket/data/c601f50d.jpg,PA
train,gs://my-bucket/data/000001-10.jpg,PA
train,gs://my-bucket/data/1-s2.0-S1931312820301852-gr1_lrg-c.png,AP
train,gs://my-bucket/data/1-s2.0-S1684118220300682-main.pdf-003-b2.png,PA
train,gs://my-bucket/data/11547_2020_1200_Fig3_HTML-c.png,AP_Supine
train,gs://my-bucket/data/6C94A287-C059-46A0-8600-AFB95F4727B7.jpeg,PA
train,gs://my-bucket/data/article_river_c79329e06dff11eab69c95940c7c0d00-CXR-D1-COVID19.png,AP
train,gs://my-bucket/data/figure1-5e7c1b8d98c29ab001275405-98.jpeg,AP
train,gs://my-bucket/data/f44373474437c99b2740062c914438_jumbo.jpeg,AP_Supine
train,gs://my-bucket/data/16745_3_1.png,PA
train,gs://my-bucket/data/000001.png,AP
train,gs://my-bucket/data/kjr-21-e24-g002-l-a.jpg,AP
train,gs://my-bucket/data/f7ea5303f5e3ea16bdd4fd93df84fb_jumbo-1.jpeg,L
train,gs://my-bucket/data/gr1_lrg-a.jpg,PA
train,gs://my-bucket/data/post-intubuation-pneumomediastium-and-pneumothorax-background-covid-19-pneumonia-day7.jpg,AP
train,gs://my-bucket/data/covid-19-caso-95-4-12.png,L
train,gs://my-bucket/data/000005-3.png,AP
train,gs://my-bucket/data/4e1dc09c3abe03a3efb72d494ddb6f_jumbo-2.jpeg,PA
train,gs://my-bucket/data/covid-19-pneumonia-38-pa.jpg,PA
train,gs://my-bucket/data/7a7044c64a87936f09fee9a7f5c5fa_jumbo.jpeg,PA
train,gs://my-bucket/data/gr2_lrg-b.png,AP
train,gs://my-bucket/data/figure1-5e73d7ae897e27ff066a30cb-98.jpeg,AP
train,gs://my-bucket/data/pneumococcal-pneumonia-day7.jpg,PA
train,gs://my-bucket/data/000003-4.png,AP_Supine
train,gs://my-bucket/data/cdf5605e45874c28262c81b7ab80b3_jumbo.jpeg,AP
train,gs://my-bucket/data/4e74cbafeab0bfd317a93e1aace6cf_jumbo.jpg,PA
train,gs://my-bucket/data/d9d6ca9a.jpg,PA
train,gs://my-bucket/data/000002-6.jpg,AP_Supine
train,gs://my-bucket/data/figure1-5e7c1b8d98c29ab001275405-98-later.jpeg,AP
train,gs://my-bucket/data/nejmoa2001191_f4.jpeg,PA
train,gs://my-bucket/data/11547_2020_1203_Fig1_HTML-c.png,AP
train,gs://my-bucket/data/2833d6b457f9dbf13b3625b174a135_jumbo.jpeg,L
train,gs://my-bucket/data/10.1016-slash-j.hrcr.2020.04.015-a.png,AP_Supine
train,gs://my-bucket/data/f410057190635755d60158d1595d67_jumbo-1.jpeg,PA
train,gs://my-bucket/data/33ad0dcb.jpg,AP_Supine
train,gs://my-bucket/data/1-s2.0-S1684118220300372-gr1_lrg-a.png,AP
train,gs://my-bucket/data/auntminnie-d-2020_01_28_23_51_6665_2020_01_28_Vietnam_coronavirus.jpeg,PA
train,gs://my-bucket/data/pneumococcal-pneumonia-day0.jpg,PA
train,gs://my-bucket/data/16747_3_1.jpg,AP
train,gs://my-bucket/data/f64132c8.jpg,PA
train,gs://my-bucket/data/11547_2020_1203_Fig1_HTML-d.png,AP_Supine
train,gs://my-bucket/data/1.CXRCTThoraximagesofCOVID-19fromSingapore.pdf-001-fig2b.png,PA
train,gs://my-bucket/data/7a9ec606.jpg,AP_Supine
train,gs://my-bucket/data/67d668e570c242404ba82c7cbe2ca8f2-0015-0.jpg,AP_Supine
train,gs://my-bucket/data/16865_1_2.jpg,L
train,gs://my-bucket/data/nejmoa2001017_f1-b.png,AP_Supine
train,gs://my-bucket/data/a47dc73e.jpg,AP_Supine
train,gs://my-bucket/data/24de8686.jpg,AP_Supine
train,gs://my-bucket/data/000003-3.jpg,AP
train,gs://my-bucket/data/16953_4_1.jpg,PA
train,gs://my-bucket/data/1e33b16c.jpg,AP_Supine
train,gs://my-bucket/data/000010-2.png,PA
train,gs://my-bucket/data/radiol.2020201160.fig2a.jpeg,AP
train,gs://my-bucket/data/8b7aeaa2063bf9a12ed6b79c173f4e_jumbo.jpeg,AP
train,gs://my-bucket/data/16745_6_1.png,PA
train,gs://my-bucket/data/4fcafe41.jpg,AP_Supine
train,gs://my-bucket/data/000001-20.jpg,PA
train,gs://my-bucket/data/16744_1_1.jpg,AP
train,gs://my-bucket/data/1-s2.0-S1059131120301151-gr2-e.png,AP
train,gs://my-bucket/data/000001-2.jpg,PA
train,gs://my-bucket/data/000012.jpg,AP
train,gs://my-bucket/data/ansu-publish-ahead-of-print-10.1097.sla.0000000000003955-g001-f.png,AP_Supine
train,gs://my-bucket/data/000005-1.jpg,PA
train,gs://my-bucket/data/b2f42e0cdfcbe32f189eb467b05e24_jumbo.jpg,PA
train,gs://my-bucket/data/000001-6.png,PA
train,gs://my-bucket/data/0a7faa2a.jpg,PA
train,gs://my-bucket/data/16646_1_1.jpg,PA
train,gs://my-bucket/data/44C8E3D6-20DA-42E9-B33B-96FA6D6DE12F.jpeg,L
train,gs://my-bucket/data/a8ef731d274b273f1526d8d0ffbe3b_jumbo.jpeg,L
train,gs://my-bucket/data/ab63c1bdd7b06525e3537fa83e2a70_jumbo-1.jpeg,L
train,gs://my-bucket/data/bd10d5e2.jpg,PA
train,gs://my-bucket/data/radiol.2020200274.fig3d.png,PA
train,gs://my-bucket/data/fbb18dc0.jpg,AP_Supine
train,gs://my-bucket/data/dc025523f07c043550a2c9de68ae50_jumbo.jpeg,AP
train,gs://my-bucket/data/4C4DEFD8-F55D-4588-AAD6-C59017F55966.jpeg,L
train,gs://my-bucket/data/000001-8.jpg,PA
train,gs://my-bucket/data/000001-24.jpg,PA
train,gs://my-bucket/data/0cea09eb.jpg,AP_Supine
train,gs://my-bucket/data/1-s2.0-S0140673620303706-fx1_lrg.jpg,PA
train,gs://my-bucket/data/E1724330-1866-4581-8CD8-CEC9B8AFEDDE.jpeg,AP
train,gs://my-bucket/data/2-chest-filmc.jpg,PA
train,gs://my-bucket/data/figure1-5e75d0940b71e1b702629659-98-right.jpeg,PA
train,gs://my-bucket/data/covid-19-pneumonia-58-prior.jpg,PA
train,gs://my-bucket/data/40779_2020_233_Fig2_HTML-a.png,PA
train,gs://my-bucket/data/facc859f173d0ae052a1a52997c6b5_jumbo.jpg,L
train,gs://my-bucket/data/1-s2.0-S1684118220300372-gr1_lrg-b.png,AP
train,gs://my-bucket/data/000002-2.jpg,L
train,gs://my-bucket/data/56bc74129531580d3c40b1f8ae77ab_jumbo.jpeg,PA
train,gs://my-bucket/data/87d50e40.jpg,AP_Supine
train,gs://my-bucket/data/4c0fcf57.jpg,AP_Supine
train,gs://my-bucket/data/1-s2.0-S2387020620301959-gr3_lrg-a.png,AP
train,gs://my-bucket/data/parapneumonic-effusion-1-PA.png,PA
train,gs://my-bucket/data/1-s2.0-S1684118220300682-main.pdf-002-a2.png,PA
train,gs://my-bucket/data/lancet-case2a.jpg,PA
train,gs://my-bucket/data/4d98e1de.jpg,PA
train,gs://my-bucket/data/000004-3.png,AP_Supine
train,gs://my-bucket/data/e87352fc.jpg,PA
train,gs://my-bucket/data/16708_5_1.jpg,PA
train,gs://my-bucket/data/d2c83bde.jpg,AP_Supine
train,gs://my-bucket/data/16583_1_1.jpg,PA
train,gs://my-bucket/data/ce68550a.jpg,AP_Supine
train,gs://my-bucket/data/1-s2.0-S0378603X1500248X-gr4e.jpg,PA
train,gs://my-bucket/data/865336ed.jpg,AP_Supine
train,gs://my-bucket/data/1.CXRCTThoraximagesofCOVID-19fromSingapore.pdf-001-fig2a.png,PA
train,gs://my-bucket/data/13cd850b02d1afe48c113a73eed882_jumbo-1.jpg,PA
train,gs://my-bucket/data/bb0e626a.jpg,PA
train,gs://my-bucket/data/000008.jpg,L
train,gs://my-bucket/data/6b44464d-73a7-4cf3-bbb6-ffe7168300e3.annot.original.jpeg,PA
train,gs://my-bucket/data/pneumocystis-pneumonia-2-L.png,L
train,gs://my-bucket/data/ryct.2020200034.fig5-day0.jpeg,PA
train,gs://my-bucket/data/80b5f00f.jpg,PA
train,gs://my-bucket/data/cfcdf8d9.jpg,AP_Supine
train,gs://my-bucket/data/c7c4f142dea9fcabbb660318f07cbb_jumbo.jpeg,L
train,gs://my-bucket/data/000010.jpg,PA
train,gs://my-bucket/data/pneumonia-7.jpg,AP
train,gs://my-bucket/data/86d19bba.jpg,AP_Supine
train,gs://my-bucket/data/11547_2020_1200_Fig2_HTML-b.png,AP_Supine
train,gs://my-bucket/data/nejmoa2004500_f1-b.png,AP_Supine
train,gs://my-bucket/data/covid-19-caso-86-RX-Torace-2.jpg,AP_Supine
train,gs://my-bucket/data/665f7ed5dcf52f235d8abed8cc200c_jumbo.jpeg,PA
train,gs://my-bucket/data/10.1016-slash-j.hrcr.2020.04.015-fig3-b.png,AP_Supine
train,gs://my-bucket/data/covid-19-caso-85-5-4.png,AP
train,gs://my-bucket/data/7-fatal-covid19.jpg,PA
train,gs://my-bucket/data/14d81f378173b86cc53f21d2d67040_jumbo.jpeg,PA
train,gs://my-bucket/data/fff13f3a.jpg,PA
train,gs://my-bucket/data/covid-19-rapidly-progressive-acute-respiratory-distress-syndrome-ards-day-3.jpg,PA
train,gs://my-bucket/data/bd3ceeb6.jpg,AP_Supine
train,gs://my-bucket/data/streptococcus-pneumoniae-pneumonia-temporal-evolution-1-day2.jpg,PA
train,gs://my-bucket/data/000001-4.png,PA
train,gs://my-bucket/data/f46a9bfc7222e61e099a25ab9267da_jumbo.jpeg,AP
train,gs://my-bucket/data/10.1016-slash-j.cardfail.2020.04.007-a.png,AP
train,gs://my-bucket/data/000003-2.jpg,AP_Supine
train,gs://my-bucket/data/000001-19.jpg,PA
train,gs://my-bucket/data/3d4364c0e44859e86017ee1660112e_jumbo-1.jpeg,AP
train,gs://my-bucket/data/000002-14.jpg,L
train,gs://my-bucket/data/f5c69a3d9dcf2d5d4e54d0d080b666_jumbo.jpeg,L
train,gs://my-bucket/data/a228e110.jpg,AP_Supine
train,gs://my-bucket/data/covid-19-pneumonia-42.jpeg,AP
train,gs://my-bucket/data/c17cdd3972b233b97770bb57f7bba6_jumbo.jpeg,AP_Supine
train,gs://my-bucket/data/16664_1_1.jpg,PA
train,gs://my-bucket/data/f6575117.jpg,PA
train,gs://my-bucket/data/8eda8be6369c87e0899f6d1642e97b_jumbo.jpeg,AP
train,gs://my-bucket/data/nejmc2001573_f1a.jpeg,PA
train,gs://my-bucket/data/1936394ff48c23fd353a83c5abb0ac_jumbo.jpeg,L
train,gs://my-bucket/data/296_2020_4584_Fig2_HTML-a.png,AP
train,gs://my-bucket/data/16755_3_1.jpg,AP_Supine
train,gs://my-bucket/data/covid-19-caso-95-2-16.png,L
train,gs://my-bucket/data/e53ea41a.jpg,AP_Supine
train,gs://my-bucket/data/1-s2.0-S1341321X20301124-gr3_lrg-c.png,AP_Supine
train,gs://my-bucket/data/78af4c1d.jpg,AP_Supine
train,gs://my-bucket/data/41379_2020_536_Fig2_HTML-c1.png,PA
train,gs://my-bucket/data/7940dea2.jpg,AP_Supine
train,gs://my-bucket/data/16654_4_1.jpg,AP
train,gs://my-bucket/data/ajr.20.23034.pdf-001.png,AP_Supine
train,gs://my-bucket/data/11547_2020_1200_Fig3_HTML-b.png,AP
train,gs://my-bucket/data/000007-2.png,PA
train,gs://my-bucket/data/16669_3_1.jpeg,PA
train,gs://my-bucket/data/covid-19-pneumonia-19.jpg,AP
train,gs://my-bucket/data/16953_3_1.jpg,PA
train,gs://my-bucket/data/SARS-10.1148rg.242035193-g04mr34g04b-Fig4b-day12.jpeg,PA
train,gs://my-bucket/data/covid-19-caso-94-1-14.png,PA
train,gs://my-bucket/data/000002-7.png,L
train,gs://my-bucket/data/8f46c8ad3d40a93b4a313f15092e1d_jumbo.jpeg,PA
train,gs://my-bucket/data/covid-19-rapidly-progressive-acute-respiratory-distress-syndrome-ards-admission.jpg,PA
train,gs://my-bucket/data/800f798a58d0cbcc72eb234f192461_jumbo.jpeg,L
train,gs://my-bucket/data/78b60346d1b3bce85353b6dc462d75_jumbo.jpeg,AP_Supine
train,gs://my-bucket/data/f72b17e863d0f958b65379b3669238_jumbo.jpg,PA
train,gs://my-bucket/data/5359825d.jpg,AP_Supine
train,gs://my-bucket/data/covid-19-pneumonia-evolution-over-a-week-1-day0-L.jpg,L
train,gs://my-bucket/data/covid-19-pneumonia-24-day6.jpg,AP
train,gs://my-bucket/data/afaa068f1.png,AP
train,gs://my-bucket/data/covid-19-infection-exclusive-gastrointestinal-symptoms-pa.png,PA
train,gs://my-bucket/data/1-s2.0-S1684118220300682-main.pdf-003-b1.png,PA
train,gs://my-bucket/data/SARS-10.1148rg.242035193-g04mr34g07b-Fig7b-day12.jpeg,AP
train,gs://my-bucket/data/1141cc2b8b9cc394becce5d978b5a7_jumbo.jpeg,PA
train,gs://my-bucket/data/e9877113.jpg,AP_Supine
train,gs://my-bucket/data/41182_2020_203_Fig4_HTML.jpg,PA
train,gs://my-bucket/data/16745_5_1.png,PA
train,gs://my-bucket/data/11547_2020_1203_Fig2_HTML-a.png,AP_Supine
train,gs://my-bucket/data/10.1016-slash-j.crad.2020.04.002-a.png,PA
train,gs://my-bucket/data/86ee6e6c.jpg,AP_Supine
train,gs://my-bucket/data/b39f5cf9.jpg,AP_Supine
train,gs://my-bucket/data/6646071b.jpg,AP_Supine
train,gs://my-bucket/data/all14238-fig-0001-m-c.jpg,PA
train,gs://my-bucket/data/000002-4.png,AP_Supine
train,gs://my-bucket/data/F4341CE7-73C9-45C6-99C8-8567A5484B63.jpeg,PA
train,gs://my-bucket/data/1-s2.0-S0378603X1500248X-gr2d.jpg,AP_Supine
train,gs://my-bucket/data/000002-268.jpg,L
train,gs://my-bucket/data/90986ce4.jpg,PA
train,gs://my-bucket/data/55f5189d2c23688ac8dc1d58eb65cf_jumbo.jpg,PA
train,gs://my-bucket/data/3392dc7d262e28423caca517f98c2e_jumbo.jpeg,AP
train,gs://my-bucket/data/1e64990d1b40c1758a2aaa9c7f7a85_jumbo.jpeg,PA
train,gs://my-bucket/data/15d945b8.jpg,AP_Supine
train,gs://my-bucket/data/covid-19-pneumonia-progression-and-regression-day28.jpg,AP
train,gs://my-bucket/data/000001-27.jpg,PA
train,gs://my-bucket/data/9d36404d.jpg,AP_Supine
train,gs://my-bucket/data/31BA3780-2323-493F-8AED-62081B9C383B.jpeg,AP
train,gs://my-bucket/data/10.1016-slash-j.jhin.2020.03.036.png,AP
train,gs://my-bucket/data/1-s2.0-S2214250920300834-gr1_lrg-c.png,PA
train,gs://my-bucket/data/5f619d7e.jpg,PA
train,gs://my-bucket/data/4ad30bc6-2da0-4f84-bc9b-62acabfd518a.annot.original.png,AP
train,gs://my-bucket/data/556e19b9d38e2199dfa8722ddff25f_jumbo.jpeg,AP
train,gs://my-bucket/data/aspiration-pneumonia-5-day27.jpg,AP_Supine
train,gs://my-bucket/data/ae6c954c0039de4b5edee53865ffee43-e6c8-0.jpg,PA
train,gs://my-bucket/data/ryct.2020200034.fig2.jpeg,PA
train,gs://my-bucket/data/5931B64A-7B97-485D-BE60-3F1EA76BC4F0.jpeg,AP_Supine
train,gs://my-bucket/data/1-s2.0-S2214250920300834-gr1_lrg-b.png,PA
train,gs://my-bucket/data/d2af569b.jpg,AP_Supine
train,gs://my-bucket/data/2b4425e4afe32fa5e047fcac58f8e9_jumbo.jpeg,L
train,gs://my-bucket/data/pneumocystis-pneumonia-12.png,PA
train,gs://my-bucket/data/pneumocystis-jirovecii-pneumonia-3-1.jpg,PA
train,gs://my-bucket/data/c0f74558.jpg,PA
train,gs://my-bucket/data/333932bd.jpg,AP_Supine
train,gs://my-bucket/data/85540916.jpg,AP_Supine
train,gs://my-bucket/data/16858_3_1.png,AP
train,gs://my-bucket/data/ansu-publish-ahead-of-print-10.1097.sla.0000000000003955-g001-c.png,AP_Supine
train,gs://my-bucket/data/bcb814aa.jpg,PA
train,gs://my-bucket/data/1.CXRCTThoraximagesofCOVID-19fromSingapore.pdf-003-fig4a.png,PA
train,gs://my-bucket/data/pneumococcal-pneumonia-day35.jpg,PA
train,gs://my-bucket/data/000001-17.jpg,PA
train,gs://my-bucket/data/1-s2.0-S0378603X1500248X-gr2a.jpg,PA
train,gs://my-bucket/data/wong-0000.jpg,PA
train,gs://my-bucket/data/2fdd55b8.jpg,AP_Supine
train,gs://my-bucket/data/6b3bdbc31f65230b8cdcc3cef5f8ba8a-40ac-0.jpg,PA
train,gs://my-bucket/data/4c8dee3d9fe81567b98ed1b0b2b4c6_jumbo.JPG,AP
train,gs://my-bucket/data/1-s2.0-S0378603X1500248X-gr3b.jpg,PA
train,gs://my-bucket/data/radiol.2020201160.fig3d.jpeg,AP
train,gs://my-bucket/data/ryct.2020200028.fig1a.jpeg,PA
train,gs://my-bucket/data/446B2CB6-B572-40AB-B01F-1910CA07086A.jpeg,AP_Supine
train,gs://my-bucket/data/covid-19-pneumonia-2.jpg,AP
train,gs://my-bucket/data/a38e1877.jpg,AP_Supine
train,gs://my-bucket/data/39EE8E69-5801-48DE-B6E3-BE7D1BCF3092.jpeg,AP
train,gs://my-bucket/data/078d2e0b3e4fec1d603efb0e818c31_jumbo.jpeg,AP_Supine
train,gs://my-bucket/data/53EC07C9-5CC6-4BE4-9B6F-D7B0D72AAA7E.jpeg,PA
train,gs://my-bucket/data/000001-9-b.jpg,L
train,gs://my-bucket/data/ce09cfab.jpg,AP_Supine
train,gs://my-bucket/data/8da14fff.jpg,PA
train,gs://my-bucket/data/AR-2.jpg,PA
train,gs://my-bucket/data/7AF6C1AF-D249-4BD2-8C26-449304105D03.jpeg,PA
train,gs://my-bucket/data/ada8c494.jpg,PA
train,gs://my-bucket/data/lightbox_78f27a80685411ea93cde791fb7cd172-CXR.png,AP_Supine
train,gs://my-bucket/data/0a6c60063b4bae4de001caaba306d1_jumbo.jpeg,AP_Supine
train,gs://my-bucket/data/41182_2020_203_Fig5_HTML.jpg,PA
train,gs://my-bucket/data/ansu-publish-ahead-of-print-10.1097.sla.0000000000003955-g001-d.png,AP_Supine
train,gs://my-bucket/data/000012-1.jpg,PA
train,gs://my-bucket/data/1-s2.0-S0378603X1500248X-gr2b.jpg,PA
train,gs://my-bucket/data/covid-19-pneumonia-43-day2.jpeg,AP_Supine
train,gs://my-bucket/data/41182_2020_203_Fig3_HTML.jpg,PA
train,gs://my-bucket/data/000002-9.jpg,L
train,gs://my-bucket/data/b3bf8a2639dc735c8b5c9d75be18a7_jumbo.jpeg,L
train,gs://my-bucket/data/000002-8.jpg,L
train,gs://my-bucket/data/000005-5-a.jpg,PA
train,gs://my-bucket/data/parapneumonic-effusion-1-L.png,L
train,gs://my-bucket/data/post-intubuation-pneumomediastium-and-pneumothorax-background-covid-19-pneumonia-day6-2.jpg,AP
train,gs://my-bucket/data/981f82325fcc645a78a1732ab783f1_jumbo.jpeg,AP_Supine
train,gs://my-bucket/data/1-s2.0-S0378603X1500248X-gr2c.jpg,AP
train,gs://my-bucket/data/MERS-CoV-1-s2.0-S0378603X1500248X-gr4e.jpg,AP
train,gs://my-bucket/data/2086b9e1.jpg,AP_Supine
train,gs://my-bucket/data/27f5a41d.jpg,PA
train,gs://my-bucket/data/ryct.2020003.fig2-a.png,PA
train,gs://my-bucket/data/9C34AF49-E589-44D5-92D3-168B3B04E4A6.jpeg,PA
train,gs://my-bucket/data/nejmoa2001191_f3-PA.jpeg,PA
train,gs://my-bucket/data/cb706009.jpg,AP_Supine
train,gs://my-bucket/data/covid-19-pneumonia-43-day0.jpeg,AP_Supine
train,gs://my-bucket/data/5A78BCA9-5B7A-440D-8A4E-AE7710EA6EAD.jpeg,AP_Supine
train,gs://my-bucket/data/ac4f6e4e.jpg,PA
train,gs://my-bucket/data/FE9F9A5D-2830-46F9-851B-1FF4534959BE.jpeg,PA
train,gs://my-bucket/data/covid-19-pneumonia-28.png,PA
train,gs://my-bucket/data/covid-19-caso-70-2-APS.jpg,AP_Supine
train,gs://my-bucket/data/000001.jpg,PA
train,gs://my-bucket/data/article_river_2a361d607ea311ea95dbcf0c95d13492-figure-4.png,AP_Supine
train,gs://my-bucket/data/16654_1_1.png,AP
train,gs://my-bucket/data/aqaa062i0002-b.png,AP
train,gs://my-bucket/data/50e51fcefaa760d0757eeae6eb0858_jumbo.jpeg,AP
train,gs://my-bucket/data/000001-11.jpg,AP
train,gs://my-bucket/data/1-s2.0-S2387020620301959-gr4_lrg-b.png,PA
train,gs://my-bucket/data/yxppt-2020-02-19_00-51-27_287214-day10.jpg,AP_Supine
train,gs://my-bucket/data/11547_2020_1200_Fig3_HTML-a.png,AP
train,gs://my-bucket/data/16745_2_1.PNG,PA
train,gs://my-bucket/data/kjr-21-e25-g001-l-a.jpg,PA
train,gs://my-bucket/data/1-s2.0-S2214250920300706-gr5_lrg.jpg,AP
train,gs://my-bucket/data/radiol.2020201160.fig2d.jpeg,AP
train,gs://my-bucket/data/000004.jpg,AP
train,gs://my-bucket/data/7867b1aa2d1241045c917f07a9e683_jumbo.jpeg,AP
train,gs://my-bucket/data/000025-1.jpg,L
train,gs://my-bucket/data/41591_2020_819_Fig1_HTML.webp-day5.png,PA
train,gs://my-bucket/data/296_2020_4584_Fig2_HTML-b.png,AP
train,gs://my-bucket/data/nejmoa2001191_f3-L.jpeg,L
train,gs://my-bucket/data/7D2CF6CE-F529-4470-8356-D33FFAF98600.jpeg,AP
train,gs://my-bucket/data/cavitating-pneumonia-4-day28-PA.png,PA
validation,gs://my-bucket/data/covid-19-pneumonia-30-L.jpg,L
validation,gs://my-bucket/data/fx1_lrg.jpg,AP
validation,gs://my-bucket/data/19876b357ac5c998a06d9614b6148a_jumbo.jpeg,PA
validation,gs://my-bucket/data/270_2020_2470_Fig1_HTML-a.png,AP_Supine
validation,gs://my-bucket/data/b50c02b92f2b98f5e1477ff759ce94_jumbo-1.jpg,PA
validation,gs://my-bucket/data/right-upper-lobe-pneumonia-9-PA.jpg,PA
validation,gs://my-bucket/data/covid-19-pneumonia-58-day-3.jpg,AP
validation,gs://my-bucket/data/16747_1_1.jpg,PA
validation,gs://my-bucket/data/09258248.jpg,AP_Supine
validation,gs://my-bucket/data/covid-19-pneumonia-35-1.jpg,PA
validation,gs://my-bucket/data/000006-12.jpg,PA
validation,gs://my-bucket/data/c3829ecb.jpg,PA
validation,gs://my-bucket/data/582f068ae16494e015cf2b2ed90388_jumbo-1.jpeg,AP
validation,gs://my-bucket/data/SARS-10.1148rg.242035193-g04mr34g09c-Fig9c-day27.jpeg,AP
validation,gs://my-bucket/data/16745_4_1.png,AP
validation,gs://my-bucket/data/AR-1.jpg,PA
validation,gs://my-bucket/data/16660_1_1.jpg,PA
validation,gs://my-bucket/data/radiol.2020201160.fig2b.jpeg,AP
validation,gs://my-bucket/data/all14238-fig-0002-m-d.jpg,AP_Supine
validation,gs://my-bucket/data/1-s2.0-S1341321X20301124-gr3_lrg-a.png,AP_Supine
validation,gs://my-bucket/data/076d9f1ab85d17bcf0f4f207891974_jumbo.jpg,AP
validation,gs://my-bucket/data/16669_1_1.jpeg,AP
validation,gs://my-bucket/data/yxppt-2020-02-19_00-51-27_287214-day8.jpg,PA
validation,gs://my-bucket/data/b0f1684d1ee90dc09deef015e29dae_jumbo.jpeg,PA
validation,gs://my-bucket/data/16858_1_1.png,AP
validation,gs://my-bucket/data/000024-1.jpg,PA
validation,gs://my-bucket/data/1.CXRCTThoraximagesofCOVID-19fromSingapore.pdf-000-fig1b.png,PA
validation,gs://my-bucket/data/ee2d1bf6.jpg,AP_Supine
validation,gs://my-bucket/data/3e9d9c9b02b9bcd81c851134667e76_jumbo.jpg,PA
validation,gs://my-bucket/data/2264f643b18b1010ec10a850f17550_jumbo.jpeg,PA
validation,gs://my-bucket/data/16654_2_1.jpg,AP
validation,gs://my-bucket/data/882fd7ec99b523aead995d78f3129f_jumbo.jpeg,AP
validation,gs://my-bucket/data/legionella-pneumonia-2.jpg,PA
validation,gs://my-bucket/data/ryct.2020200034.fig5-day7.jpeg,PA
validation,gs://my-bucket/data/2C26F453-AF3B-4517-BB9E-802CF2179543.jpeg,PA
validation,gs://my-bucket/data/16708_1_1.jpg,PA
validation,gs://my-bucket/data/SARS-10.1148rg.242035193-g04mr34g0-Fig8c-day10.jpeg,AP
validation,gs://my-bucket/data/covid-19-pneumonia-15-L.jpg,L
validation,gs://my-bucket/data/35AF5C3B-D04D-4B4B-92B7-CB1F67D83085.jpeg,L
validation,gs://my-bucket/data/jkms-35-e79-g001-l-c.jpg,AP
validation,gs://my-bucket/data/16953_1_1.jpg,AP
validation,gs://my-bucket/data/streptococcus-pneumoniae-pneumonia-temporal-evolution-1-day1.jpg,AP
validation,gs://my-bucket/data/1-s2.0-S0929664620300449-gr2_lrg-d.jpg,AP
validation,gs://my-bucket/data/5acb8ac5.jpg,AP_Supine
validation,gs://my-bucket/data/covid-19-caso-86-Rx-torace-1.jpg,AP
validation,gs://my-bucket/data/covid-19-pneumonia-53.jpg,PA
validation,gs://my-bucket/data/cavitating-pneumonia-4-day0-L.jpg,L
validation,gs://my-bucket/data/2eadbbb367a0366d8c34350d083a83_jumbo.jpeg,AP
validation,gs://my-bucket/data/254B82FC-817D-4E2F-AB6E-1351341F0E38.jpeg,L
validation,gs://my-bucket/data/1-s2.0-S0378603X1500248X-gr4c.jpg,AP
validation,gs://my-bucket/data/e73d6e89fcd781b8afd159cf533358_jumbo-1.jpeg,AP
validation,gs://my-bucket/data/1-s2.0-S1684118220300608-main.pdf-002.jpg,PA
validation,gs://my-bucket/data/e1446fe8.jpg,PA
validation,gs://my-bucket/data/2B8649B2-00C4-4233-85D5-1CE240CF233B.jpeg,AP_Supine
validation,gs://my-bucket/data/16497_1_1.png,PA
validation,gs://my-bucket/data/nejmoa2001191_f1-L.jpeg,L
validation,gs://my-bucket/data/0ac7580d.jpg,AP_Supine
validation,gs://my-bucket/data/000007-15.jpg,PA
validation,gs://my-bucket/data/1880e301.jpg,AP_Supine
validation,gs://my-bucket/data/1-s2.0-S2213716520301168-gr1_lrg-b.png,AP_Supine
validation,gs://my-bucket/data/1663b242.jpg,AP_Supine
validation,gs://my-bucket/data/covid-19-pneumonia-23-day3.jpg,AP
validation,gs://my-bucket/data/d6494b39.jpg,AP_Supine
validation,gs://my-bucket/data/000006-17.jpg,PA
validation,gs://my-bucket/data/487354e56da5b0363458d0297446f0_jumbo-1.jpeg,PA
validation,gs://my-bucket/data/db96a050.jpg,AP_Supine
validation,gs://my-bucket/data/88de9d8c39e946abd495b37cd07d89e5-2ee6-0.jpg,PA
validation,gs://my-bucket/data/000001-9.jpg,PA
validation,gs://my-bucket/data/wong-0003.jpg,PA
validation,gs://my-bucket/data/f6ece95b172eadba762bf3daef7441_jumbo-1.jpeg,AP
validation,gs://my-bucket/data/covid-19-pneumonia-evolution-over-a-week-1-day4.jpg,AP_Supine
validation,gs://my-bucket/data/all14238-fig-0002-m-e.jpg,AP_Supine
validation,gs://my-bucket/data/6ffc98957c18d4e3f2da8da48105e3_jumbo.jpg,AP
validation,gs://my-bucket/data/01ec02c48ce0120d57456b2ee2d02f_jumbo.jpeg,PA
validation,gs://my-bucket/data/pneumocystis-jirovecii-pneumonia-3-2.jpg,PA
validation,gs://my-bucket/data/fedd6c94d5dbd12d88c81a1020a3e4_jumbo.jpeg,AP_Supine
validation,gs://my-bucket/data/16724_1_1.jpg,AP
validation,gs://my-bucket/data/covid-19-caso-85-4-6.png,AP_Supine
validation,gs://my-bucket/data/3fd337c1.jpg,AP_Supine
validation,gs://my-bucket/data/000007.jpg,PA
validation,gs://my-bucket/data/radiol.2020201160.fig2c.jpeg,AP
validation,gs://my-bucket/data/1e534853.jpg,AP_Supine
validation,gs://my-bucket/data/aspiration-pneumonia-5-day0.jpg,AP_Supine
validation,gs://my-bucket/data/pneumocystis-jiroveci-pneumonia-4-L.png,L
validation,gs://my-bucket/data/2966893D-5DDF-4B68-9E2B-4979D5956C8E.jpeg,PA
validation,gs://my-bucket/data/ffad3e6c27fe36031249c81647800f_jumbo.jpeg,PA
test,gs://my-bucket/data/covid-19-pneumonia-14-PA.png,PA
test,gs://my-bucket/data/a8685b98.jpg,AP_Supine
test,gs://my-bucket/data/16747_2_1.jpg,AP
test,gs://my-bucket/data/A7E260CE-8A00-4C5F-A7F5-27336527A981.jpeg,AP
test,gs://my-bucket/data/D5ACAA93-C779-4E22-ADFA-6A220489F840.jpeg,L
test,gs://my-bucket/data/7223b8ad031187d9a142d7f7ca02c9_jumbo.jpeg,PA
test,gs://my-bucket/data/covid-19-caso-91-2-13.png,L
test,gs://my-bucket/data/946b48f8564d681eb8950ea8a659e0_jumbo-1.jpeg,PA
test,gs://my-bucket/data/19073f37.jpg,AP_Supine
test,gs://my-bucket/data/D7AF463C-2369-492D-908D-BE1911CCD74C.jpeg,AP_Supine
test,gs://my-bucket/data/B59DD164-51D5-40DF-A926-6A42DD52EBE8.jpeg,AP_Supine
test,gs://my-bucket/data/000002-11-a.jpg,PA
test,gs://my-bucket/data/98c24e39.jpg,AP_Supine
test,gs://my-bucket/data/5e6dd879fde9502400e58b2f.jpeg,AP
test,gs://my-bucket/data/88de9d8c39e946abd495b37cd07d89e5-0666-0.jpg,AP
test,gs://my-bucket/data/streptococcus-pneumoniae-pneumonia-temporal-evolution-1-day0.jpg,AP
test,gs://my-bucket/data/covid-19-pneumonia-progression-and-regression-day24.jpg,AP
test,gs://my-bucket/data/wong-0004.jpg,PA
test,gs://my-bucket/data/71b364138ea4986831b3778081cd2e_jumbo.jpeg,AP
test,gs://my-bucket/data/000016.jpg,PA
test,gs://my-bucket/data/covid-19-pneumonia-15-PA.jpg,PA
test,gs://my-bucket/data/26eecee1e498237cc3ea3274b79ff0_jumbo.jpg,PA
test,gs://my-bucket/data/2c35005f.jpg,PA
test,gs://my-bucket/data/a4318ac9.jpg,AP_Supine
test,gs://my-bucket/data/16660_5_1.jpg,PA
test,gs://my-bucket/data/cb60786c.jpg,AP_Supine
test,gs://my-bucket/data/10.1016-slash-j.anl.2020.04.002-c.png,AP
test,gs://my-bucket/data/article_river_de7471906e0011eabe5f9363acaf45c4-covid-cxr-2.png,AP
test,gs://my-bucket/data/pneumocystis-pneumonia-2-PA.png,PA
test,gs://my-bucket/data/4cb2f877226f5e02b3064e1e52075f_jumbo.jpeg,AP
test,gs://my-bucket/data/1F6343EE-AFEC-4B7D-97F5-62797EE18767.jpeg,AP_Supine
test,gs://my-bucket/data/be835db3a56b5f76d607061dbb82a5_jumbo.jpeg,AP
test,gs://my-bucket/data/nejmoa2001191_f5-L.jpeg,L
test,gs://my-bucket/data/1.CXRCTThoraximagesofCOVID-19fromSingapore.pdf-000-fig1a.png,PA
test,gs://my-bucket/data/68_2020_1364_Fig1_HTML-b.png,AP
test,gs://my-bucket/data/1-s2.0-S2214250920300834-gr1_lrg-d.png,PA
test,gs://my-bucket/data/000003.jpg,PA
test,gs://my-bucket/data/covid-19-pneumonia-30-PA.jpg,PA
test,gs://my-bucket/data/covid-19-pneumonia-22-day2-pa.png,PA
test,gs://my-bucket/data/000009.jpg,L
test,gs://my-bucket/data/tpmd200203f2-b.png,PA
test,gs://my-bucket/data/tpmd200203f2-c.png,PA
test,gs://my-bucket/data/c98c6fce880dbec0d1eb3045cec103_jumbo.jpg,L
test,gs://my-bucket/data/000007.png,AP
test,gs://my-bucket/data/covid-19-pneumonia-67.jpeg,AP
test,gs://my-bucket/data/yxppt-2020-02-19_00-51-27_287214-day12.jpg,AP_Supine
test,gs://my-bucket/data/000002-3.png,L
test,gs://my-bucket/data/cavitating-pneumonia-4-day0-PA.jpg,PA
test,gs://my-bucket/data/bf551b8b.jpg,AP_Supine
test,gs://my-bucket/data/1ae7877e.jpg,AP_Supine
test,gs://my-bucket/data/c94ef38ddb2d94aa11828716777139_jumbo.jpeg,AP
test,gs://my-bucket/data/pneumocystis-jiroveci-pneumonia-2.png,PA
test,gs://my-bucket/data/ciaa199.pdf-001-a.png,PA
test,gs://my-bucket/data/000002-19-b.jpg,L
test,gs://my-bucket/data/000002-11-b.jpg,L
test,gs://my-bucket/data/000003-7.jpg,L
test,gs://my-bucket/data/f875007a.jpg,AP_Supine
test,gs://my-bucket/data/C6EA0BE5-B01E-4113-B194-18D956675E25.jpeg,AP_Supine
test,gs://my-bucket/data/430f21e7.jpg,AP_Supine
test,gs://my-bucket/data/23E99E2E-447C-46E5-8EB2-D35D12473C39.png,PA
test,gs://my-bucket/data/12941_2020_358_Fig1_HTML.jpg,PA
test,gs://my-bucket/data/000002-1.jpg,L
test,gs://my-bucket/data/16953_5_1.jpg,PA
test,gs://my-bucket/data/pneumocystis-carinii-pneumonia-1-PA.jpg,PA
test,gs://my-bucket/data/5CBC2E94-D358-401E-8928-965CCD965C5C.jpeg,AP
test,gs://my-bucket/data/article_river_1a00a3c07ea311eab70491c6fb93d336-figure-2.png,AP_Supine
test,gs://my-bucket/data/10.1016-slash-j.anl.2020.04.002-a.png,PA
test,gs://my-bucket/data/untitled.001_0.jpeg,AP
test,gs://my-bucket/data/covid-19-pneumonia-101.png,AP
test,gs://my-bucket/data/1f8a4a54.jpg,AP_Supine
test,gs://my-bucket/data/52a8b6bf730b648d37b37d2aa51fd3_jumbo-1.jpg,PA
test,gs://my-bucket/data/11547_2020_1200_Fig2_HTML-a.png,AP_Supine
test,gs://my-bucket/data/F051E018-DAD1-4506-AD43-BE4CA29E960B.jpeg,PA
test,gs://my-bucket/data/94c6945194a265ae1301bec234a7e0_jumbo-1.jpg,PA
test,gs://my-bucket/data/447d65b38231a1031586b304bc5837_jumbo.jpeg,AP
test,gs://my-bucket/data/b03ef875.jpg,AP_Supine
test,gs://my-bucket/data/16691_1_1.jpg,AP_Supine
test,gs://my-bucket/data/000001-5.png,PA
test,gs://my-bucket/data/SARS-10.1148rg.242035193-g04mr34g0-Fig8a-day0.jpeg,AP
test,gs://my-bucket/data/483f2ad8.jpg,AP_Supine
test,gs://my-bucket/data/000001-2.png,L
test,gs://my-bucket/data/f722466f.jpg,AP_Supine
test,gs://my-bucket/data/1538fbfe9d0872739b00f5a51e4fdc_jumbo.jpeg,PA
test,gs://my-bucket/data/covid-19-pneumonia-24-day7.jpg,AP
test,gs://my-bucket/data/503d2fbe68cd143b0f15749b4f816b_jumbo.jpeg,AP
test,gs://my-bucket/data/covid-19-caso-85-1-9.png,AP
test,gs://my-bucket/data/000001-6.jpg,AP
